Method,Name,Error,Occurrences
POST,/cin/create/338,500 Server Error: Internal Server Error for url: http://10.2.16.116:8004/cin/create/338,2
POST,/cin/create/387,500 Server Error: Internal Server Error for url: http://10.2.16.116:8004/cin/create/387,1
POST,/cin/create/327,500 Server Error: Internal Server Error for url: http://10.2.16.116:8004/cin/create/327,1
POST,/cin/create/13,500 Server Error: Internal Server Error for url: http://10.2.16.116:8004/cin/create/13,4
POST,/cin/create/397,500 Server Error: Internal Server Error for url: http://10.2.16.116:8004/cin/create/397,3
POST,/cin/create/279,500 Server Error: Internal Server Error for url: http://10.2.16.116:8004/cin/create/279,2
POST,/cin/create/222,Remote end closed connection without response,2
POST,/cin/create/138,500 Server Error: Internal Server Error for url: http://10.2.16.116:8004/cin/create/138,2
POST,/cin/create/225,Remote end closed connection without response,1
POST,/cin/create/211,500 Server Error: Internal Server Error for url: http://10.2.16.116:8004/cin/create/211,2
POST,/cin/create/361,Remote end closed connection without response,1
POST,/cin/create/153,Remote end closed connection without response,2
POST,/cin/create/81,409 Client Error: Conflict for url: http://10.2.16.116:8004/cin/create/81,1
POST,/cin/create/144,500 Server Error: Internal Server Error for url: http://10.2.16.116:8004/cin/create/144,3
POST,/cin/create/188,Remote end closed connection without response,5
POST,/cin/create/422,Remote end closed connection without response,1
POST,/cin/create/4,500 Server Error: Internal Server Error for url: http://10.2.16.116:8004/cin/create/4,1
POST,/cin/create/447,[Errno 104] Connection reset by peer,1
POST,/cin/create/309,500 Server Error: Internal Server Error for url: http://10.2.16.116:8004/cin/create/309,2
POST,/cin/create/99,Remote end closed connection without response,3
POST,/cin/create/417,500 Server Error: Internal Server Error for url: http://10.2.16.116:8004/cin/create/417,5
POST,/cin/create/282,500 Server Error: Internal Server Error for url: http://10.2.16.116:8004/cin/create/282,2
POST,/cin/create/197,409 Client Error: Conflict for url: http://10.2.16.116:8004/cin/create/197,1
POST,/cin/create/28,409 Client Error: Conflict for url: http://10.2.16.116:8004/cin/create/28,1
POST,/cin/create/212,500 Server Error: Internal Server Error for url: http://10.2.16.116:8004/cin/create/212,1
POST,/cin/create/210,500 Server Error: Internal Server Error for url: http://10.2.16.116:8004/cin/create/210,1
POST,/cin/create/154,Remote end closed connection without response,1
POST,/cin/create/293,500 Server Error: Internal Server Error for url: http://10.2.16.116:8004/cin/create/293,1
POST,/cin/create/339,500 Server Error: Internal Server Error for url: http://10.2.16.116:8004/cin/create/339,2
POST,/cin/create/83,500 Server Error: Internal Server Error for url: http://10.2.16.116:8004/cin/create/83,2
POST,/cin/create/446,Remote end closed connection without response,2
POST,/cin/create/389,Remote end closed connection without response,1
POST,/cin/create/412,Remote end closed connection without response,1
POST,/cin/create/410,Remote end closed connection without response,1
POST,/cin/create/313,500 Server Error: Internal Server Error for url: http://10.2.16.116:8004/cin/create/313,1
POST,/cin/create/425,500 Server Error: Internal Server Error for url: http://10.2.16.116:8004/cin/create/425,3
POST,/cin/create/145,Remote end closed connection without response,1
POST,/cin/create/450,409 Client Error: Conflict for url: http://10.2.16.116:8004/cin/create/450,1
POST,/cin/create/207,500 Server Error: Internal Server Error for url: http://10.2.16.116:8004/cin/create/207,3
POST,/cin/create/20,Remote end closed connection without response,2
POST,/cin/create/179,Remote end closed connection without response,1
POST,/cin/create/221,Remote end closed connection without response,4
POST,/cin/create/9,500 Server Error: Internal Server Error for url: http://10.2.16.116:8004/cin/create/9,2
POST,/cin/create/449,500 Server Error: Internal Server Error for url: http://10.2.16.116:8004/cin/create/449,2
POST,/cin/create/171,500 Server Error: Internal Server Error for url: http://10.2.16.116:8004/cin/create/171,3
POST,/cin/create/256,Remote end closed connection without response,2
POST,/cin/create/305,500 Server Error: Internal Server Error for url: http://10.2.16.116:8004/cin/create/305,1
POST,/cin/create/344,Remote end closed connection without response,2
POST,/cin/create/376,Remote end closed connection without response,1
POST,/cin/create/77,500 Server Error: Internal Server Error for url: http://10.2.16.116:8004/cin/create/77,1
POST,/cin/create/177,409 Client Error: Conflict for url: http://10.2.16.116:8004/cin/create/177,2
POST,/cin/create/119,Remote end closed connection without response,1
POST,/cin/create/300,409 Client Error: Conflict for url: http://10.2.16.116:8004/cin/create/300,1
POST,/cin/create/95,500 Server Error: Internal Server Error for url: http://10.2.16.116:8004/cin/create/95,4
POST,/cin/create/414,Remote end closed connection without response,2
POST,/cin/create/51,Remote end closed connection without response,1
POST,/cin/create/286,Remote end closed connection without response,1
POST,/cin/create/255,500 Server Error: Internal Server Error for url: http://10.2.16.116:8004/cin/create/255,1
POST,/cin/create/320,Remote end closed connection without response,1
POST,/cin/create/436,500 Server Error: Internal Server Error for url: http://10.2.16.116:8004/cin/create/436,4
POST,/cin/create/140,500 Server Error: Internal Server Error for url: http://10.2.16.116:8004/cin/create/140,1
POST,/cin/create/350,Remote end closed connection without response,1
POST,/cin/create/347,500 Server Error: Internal Server Error for url: http://10.2.16.116:8004/cin/create/347,3
POST,/cin/create/410,500 Server Error: Internal Server Error for url: http://10.2.16.116:8004/cin/create/410,1
POST,/cin/create/43,500 Server Error: Internal Server Error for url: http://10.2.16.116:8004/cin/create/43,4
POST,/cin/create/114,500 Server Error: Internal Server Error for url: http://10.2.16.116:8004/cin/create/114,3
POST,/cin/create/416,409 Client Error: Conflict for url: http://10.2.16.116:8004/cin/create/416,1
POST,/cin/create/265,Remote end closed connection without response,1
POST,/cin/create/193,Remote end closed connection without response,1
POST,/cin/create/350,500 Server Error: Internal Server Error for url: http://10.2.16.116:8004/cin/create/350,2
POST,/cin/create/132,500 Server Error: Internal Server Error for url: http://10.2.16.116:8004/cin/create/132,1
POST,/cin/create/2,500 Server Error: Internal Server Error for url: http://10.2.16.116:8004/cin/create/2,2
POST,/cin/create/365,Remote end closed connection without response,1
POST,/cin/create/401,409 Client Error: Conflict for url: http://10.2.16.116:8004/cin/create/401,1
POST,/cin/create/342,500 Server Error: Internal Server Error for url: http://10.2.16.116:8004/cin/create/342,2
POST,/cin/create/74,Remote end closed connection without response,1
POST,/cin/create/260,500 Server Error: Internal Server Error for url: http://10.2.16.116:8004/cin/create/260,2
POST,/cin/create/348,500 Server Error: Internal Server Error for url: http://10.2.16.116:8004/cin/create/348,1
POST,/cin/create/148,Remote end closed connection without response,2
POST,/cin/create/56,500 Server Error: Internal Server Error for url: http://10.2.16.116:8004/cin/create/56,2
POST,/cin/create/145,500 Server Error: Internal Server Error for url: http://10.2.16.116:8004/cin/create/145,2
POST,/cin/create/121,500 Server Error: Internal Server Error for url: http://10.2.16.116:8004/cin/create/121,1
POST,/cin/create/300,500 Server Error: Internal Server Error for url: http://10.2.16.116:8004/cin/create/300,3
POST,/cin/create/33,500 Server Error: Internal Server Error for url: http://10.2.16.116:8004/cin/create/33,4
POST,/cin/create/112,500 Server Error: Internal Server Error for url: http://10.2.16.116:8004/cin/create/112,1
POST,/cin/create/168,500 Server Error: Internal Server Error for url: http://10.2.16.116:8004/cin/create/168,4
POST,/cin/create/86,Remote end closed connection without response,1
POST,/cin/create/18,Remote end closed connection without response,2
POST,/cin/create/96,Remote end closed connection without response,1
POST,/cin/create/162,500 Server Error: Internal Server Error for url: http://10.2.16.116:8004/cin/create/162,1
POST,/cin/create/95,Remote end closed connection without response,1
POST,/cin/create/41,500 Server Error: Internal Server Error for url: http://10.2.16.116:8004/cin/create/41,1
POST,/cin/create/365,500 Server Error: Internal Server Error for url: http://10.2.16.116:8004/cin/create/365,4
POST,/cin/create/203,500 Server Error: Internal Server Error for url: http://10.2.16.116:8004/cin/create/203,1
POST,/cin/create/275,500 Server Error: Internal Server Error for url: http://10.2.16.116:8004/cin/create/275,1
POST,/cin/create/266,500 Server Error: Internal Server Error for url: http://10.2.16.116:8004/cin/create/266,1
POST,/cin/create/232,Remote end closed connection without response,2
POST,/cin/create/450,500 Server Error: Internal Server Error for url: http://10.2.16.116:8004/cin/create/450,2
POST,/cin/create/140,Remote end closed connection without response,1
POST,/cin/create/87,500 Server Error: Internal Server Error for url: http://10.2.16.116:8004/cin/create/87,3
POST,/cin/create/420,500 Server Error: Internal Server Error for url: http://10.2.16.116:8004/cin/create/420,2
POST,/cin/create/75,Remote end closed connection without response,2
POST,/cin/create/287,500 Server Error: Internal Server Error for url: http://10.2.16.116:8004/cin/create/287,5
POST,/cin/create/131,Remote end closed connection without response,1
POST,/cin/create/173,Remote end closed connection without response,2
POST,/cin/create/169,500 Server Error: Internal Server Error for url: http://10.2.16.116:8004/cin/create/169,3
POST,/cin/create/390,500 Server Error: Internal Server Error for url: http://10.2.16.116:8004/cin/create/390,2
POST,/cin/create/312,Remote end closed connection without response,1
POST,/cin/create/379,500 Server Error: Internal Server Error for url: http://10.2.16.116:8004/cin/create/379,2
POST,/cin/create/108,500 Server Error: Internal Server Error for url: http://10.2.16.116:8004/cin/create/108,1
POST,/cin/create/63,500 Server Error: Internal Server Error for url: http://10.2.16.116:8004/cin/create/63,2
POST,/cin/create/393,Remote end closed connection without response,1
POST,/cin/create/323,500 Server Error: Internal Server Error for url: http://10.2.16.116:8004/cin/create/323,2
POST,/cin/create/68,409 Client Error: Conflict for url: http://10.2.16.116:8004/cin/create/68,1
POST,/cin/create/304,500 Server Error: Internal Server Error for url: http://10.2.16.116:8004/cin/create/304,1
POST,/cin/create/432,409 Client Error: Conflict for url: http://10.2.16.116:8004/cin/create/432,2
POST,/cin/create/135,500 Server Error: Internal Server Error for url: http://10.2.16.116:8004/cin/create/135,4
POST,/cin/create/126,500 Server Error: Internal Server Error for url: http://10.2.16.116:8004/cin/create/126,2
POST,/cin/create/79,Remote end closed connection without response,1
POST,/cin/create/25,Remote end closed connection without response,1
POST,/cin/create/96,500 Server Error: Internal Server Error for url: http://10.2.16.116:8004/cin/create/96,2
POST,/cin/create/325,500 Server Error: Internal Server Error for url: http://10.2.16.116:8004/cin/create/325,1
POST,/cin/create/326,Remote end closed connection without response,1
POST,/cin/create/25,409 Client Error: Conflict for url: http://10.2.16.116:8004/cin/create/25,2
POST,/cin/create/421,500 Server Error: Internal Server Error for url: http://10.2.16.116:8004/cin/create/421,2
POST,/cin/create/23,Remote end closed connection without response,1
POST,/cin/create/302,500 Server Error: Internal Server Error for url: http://10.2.16.116:8004/cin/create/302,1
POST,/cin/create/131,500 Server Error: Internal Server Error for url: http://10.2.16.116:8004/cin/create/131,1
POST,/cin/create/383,409 Client Error: Conflict for url: http://10.2.16.116:8004/cin/create/383,1
POST,/cin/create/372,500 Server Error: Internal Server Error for url: http://10.2.16.116:8004/cin/create/372,4
POST,/cin/create/318,500 Server Error: Internal Server Error for url: http://10.2.16.116:8004/cin/create/318,2
POST,/cin/create/34,409 Client Error: Conflict for url: http://10.2.16.116:8004/cin/create/34,1
POST,/cin/create/107,500 Server Error: Internal Server Error for url: http://10.2.16.116:8004/cin/create/107,2
POST,/cin/create/196,Remote end closed connection without response,3
POST,/cin/create/36,500 Server Error: Internal Server Error for url: http://10.2.16.116:8004/cin/create/36,2
POST,/cin/create/248,500 Server Error: Internal Server Error for url: http://10.2.16.116:8004/cin/create/248,1
POST,/cin/create/222,500 Server Error: Internal Server Error for url: http://10.2.16.116:8004/cin/create/222,2
POST,/cin/create/118,Remote end closed connection without response,1
POST,/cin/create/335,Remote end closed connection without response,3
POST,/cin/create/236,Remote end closed connection without response,1
POST,/cin/create/234,500 Server Error: Internal Server Error for url: http://10.2.16.116:8004/cin/create/234,2
POST,/cin/create/29,Remote end closed connection without response,1
POST,/cin/create/254,Remote end closed connection without response,4
POST,/cin/create/335,500 Server Error: Internal Server Error for url: http://10.2.16.116:8004/cin/create/335,2
POST,/cin/create/168,Remote end closed connection without response,1
POST,/cin/create/185,500 Server Error: Internal Server Error for url: http://10.2.16.116:8004/cin/create/185,1
POST,/cin/create/26,500 Server Error: Internal Server Error for url: http://10.2.16.116:8004/cin/create/26,3
POST,/cin/create/158,Remote end closed connection without response,1
POST,/cin/create/126,409 Client Error: Conflict for url: http://10.2.16.116:8004/cin/create/126,1
POST,/cin/create/106,500 Server Error: Internal Server Error for url: http://10.2.16.116:8004/cin/create/106,1
POST,/cin/create/411,Remote end closed connection without response,1
POST,/cin/create/366,500 Server Error: Internal Server Error for url: http://10.2.16.116:8004/cin/create/366,5
POST,/cin/create/54,500 Server Error: Internal Server Error for url: http://10.2.16.116:8004/cin/create/54,3
POST,/cin/create/329,500 Server Error: Internal Server Error for url: http://10.2.16.116:8004/cin/create/329,4
POST,/cin/create/191,500 Server Error: Internal Server Error for url: http://10.2.16.116:8004/cin/create/191,2
POST,/cin/create/110,Remote end closed connection without response,1
POST,/cin/create/340,500 Server Error: Internal Server Error for url: http://10.2.16.116:8004/cin/create/340,2
POST,/cin/create/195,500 Server Error: Internal Server Error for url: http://10.2.16.116:8004/cin/create/195,3
POST,/cin/create/413,500 Server Error: Internal Server Error for url: http://10.2.16.116:8004/cin/create/413,4
POST,/cin/create/334,500 Server Error: Internal Server Error for url: http://10.2.16.116:8004/cin/create/334,1
POST,/cin/create/315,409 Client Error: Conflict for url: http://10.2.16.116:8004/cin/create/315,2
POST,/cin/create/417,Remote end closed connection without response,1
POST,/cin/create/213,500 Server Error: Internal Server Error for url: http://10.2.16.116:8004/cin/create/213,2
POST,/cin/create/319,500 Server Error: Internal Server Error for url: http://10.2.16.116:8004/cin/create/319,1
POST,/cin/create/36,Remote end closed connection without response,1
POST,/cin/create/299,500 Server Error: Internal Server Error for url: http://10.2.16.116:8004/cin/create/299,6
POST,/cin/create/387,Remote end closed connection without response,1
POST,/cin/create/157,500 Server Error: Internal Server Error for url: http://10.2.16.116:8004/cin/create/157,5
POST,/cin/create/261,500 Server Error: Internal Server Error for url: http://10.2.16.116:8004/cin/create/261,5
POST,/cin/create/263,500 Server Error: Internal Server Error for url: http://10.2.16.116:8004/cin/create/263,1
POST,/cin/create/433,Remote end closed connection without response,1
POST,/cin/create/136,500 Server Error: Internal Server Error for url: http://10.2.16.116:8004/cin/create/136,1
POST,/cin/create/5,Remote end closed connection without response,1
POST,/cin/create/189,Remote end closed connection without response,1
POST,/cin/create/97,500 Server Error: Internal Server Error for url: http://10.2.16.116:8004/cin/create/97,3
POST,/cin/create/90,Remote end closed connection without response,1
POST,/cin/create/246,Remote end closed connection without response,2
POST,/cin/create/388,500 Server Error: Internal Server Error for url: http://10.2.16.116:8004/cin/create/388,3
POST,/cin/create/113,409 Client Error: Conflict for url: http://10.2.16.116:8004/cin/create/113,1
POST,/cin/create/386,409 Client Error: Conflict for url: http://10.2.16.116:8004/cin/create/386,1
POST,/cin/create/332,500 Server Error: Internal Server Error for url: http://10.2.16.116:8004/cin/create/332,2
POST,/cin/create/194,500 Server Error: Internal Server Error for url: http://10.2.16.116:8004/cin/create/194,5
POST,/cin/create/418,500 Server Error: Internal Server Error for url: http://10.2.16.116:8004/cin/create/418,1
POST,/cin/create/435,500 Server Error: Internal Server Error for url: http://10.2.16.116:8004/cin/create/435,2
POST,/cin/create/312,500 Server Error: Internal Server Error for url: http://10.2.16.116:8004/cin/create/312,1
POST,/cin/create/406,Remote end closed connection without response,1
POST,/cin/create/90,500 Server Error: Internal Server Error for url: http://10.2.16.116:8004/cin/create/90,2
POST,/cin/create/297,Remote end closed connection without response,1
POST,/cin/create/237,Remote end closed connection without response,3
POST,/cin/create/250,500 Server Error: Internal Server Error for url: http://10.2.16.116:8004/cin/create/250,2
POST,/cin/create/187,500 Server Error: Internal Server Error for url: http://10.2.16.116:8004/cin/create/187,3
POST,/cin/create/123,500 Server Error: Internal Server Error for url: http://10.2.16.116:8004/cin/create/123,2
POST,/cin/create/269,500 Server Error: Internal Server Error for url: http://10.2.16.116:8004/cin/create/269,1
POST,/cin/create/76,Remote end closed connection without response,3
POST,/cin/create/198,500 Server Error: Internal Server Error for url: http://10.2.16.116:8004/cin/create/198,1
POST,/cin/create/206,Remote end closed connection without response,2
POST,/cin/create/224,500 Server Error: Internal Server Error for url: http://10.2.16.116:8004/cin/create/224,1
POST,/cin/create/38,Remote end closed connection without response,3
POST,/cin/create/435,Remote end closed connection without response,1
POST,/cin/create/376,500 Server Error: Internal Server Error for url: http://10.2.16.116:8004/cin/create/376,1
POST,/cin/create/151,Remote end closed connection without response,1
POST,/cin/create/281,500 Server Error: Internal Server Error for url: http://10.2.16.116:8004/cin/create/281,3
POST,/cin/create/82,500 Server Error: Internal Server Error for url: http://10.2.16.116:8004/cin/create/82,2
POST,/cin/create/167,409 Client Error: Conflict for url: http://10.2.16.116:8004/cin/create/167,1
POST,/cin/create/301,500 Server Error: Internal Server Error for url: http://10.2.16.116:8004/cin/create/301,1
POST,/cin/create/72,409 Client Error: Conflict for url: http://10.2.16.116:8004/cin/create/72,1
POST,/cin/create/374,Remote end closed connection without response,1
POST,/cin/create/380,500 Server Error: Internal Server Error for url: http://10.2.16.116:8004/cin/create/380,1
POST,/cin/create/27,409 Client Error: Conflict for url: http://10.2.16.116:8004/cin/create/27,2
POST,/cin/create/268,Remote end closed connection without response,1
POST,/cin/create/159,Remote end closed connection without response,2
POST,/cin/create/29,500 Server Error: Internal Server Error for url: http://10.2.16.116:8004/cin/create/29,2
POST,/cin/create/31,Remote end closed connection without response,1
POST,/cin/create/224,Remote end closed connection without response,2
POST,/cin/create/323,Remote end closed connection without response,1
POST,/cin/create/375,500 Server Error: Internal Server Error for url: http://10.2.16.116:8004/cin/create/375,2
POST,/cin/create/386,500 Server Error: Internal Server Error for url: http://10.2.16.116:8004/cin/create/386,1
POST,/cin/create/311,Remote end closed connection without response,1
POST,/cin/create/169,Remote end closed connection without response,1
POST,/cin/create/214,500 Server Error: Internal Server Error for url: http://10.2.16.116:8004/cin/create/214,2
POST,/cin/create/43,Remote end closed connection without response,2
POST,/cin/create/294,500 Server Error: Internal Server Error for url: http://10.2.16.116:8004/cin/create/294,3
POST,/cin/create/49,500 Server Error: Internal Server Error for url: http://10.2.16.116:8004/cin/create/49,2
POST,/cin/create/363,500 Server Error: Internal Server Error for url: http://10.2.16.116:8004/cin/create/363,3
POST,/cin/create/288,500 Server Error: Internal Server Error for url: http://10.2.16.116:8004/cin/create/288,4
POST,/cin/create/234,Remote end closed connection without response,1
POST,/cin/create/230,Remote end closed connection without response,1
POST,/cin/create/310,500 Server Error: Internal Server Error for url: http://10.2.16.116:8004/cin/create/310,1
POST,/cin/create/400,409 Client Error: Conflict for url: http://10.2.16.116:8004/cin/create/400,1
POST,/cin/create/76,500 Server Error: Internal Server Error for url: http://10.2.16.116:8004/cin/create/76,1
POST,/cin/create/432,500 Server Error: Internal Server Error for url: http://10.2.16.116:8004/cin/create/432,2
POST,/cin/create/258,[Errno 104] Connection reset by peer,1
POST,/cin/create/91,500 Server Error: Internal Server Error for url: http://10.2.16.116:8004/cin/create/91,4
POST,/cin/create/391,Remote end closed connection without response,1
POST,/cin/create/324,500 Server Error: Internal Server Error for url: http://10.2.16.116:8004/cin/create/324,1
POST,/cin/create/285,500 Server Error: Internal Server Error for url: http://10.2.16.116:8004/cin/create/285,1
POST,/cin/create/158,500 Server Error: Internal Server Error for url: http://10.2.16.116:8004/cin/create/158,3
POST,/cin/create/445,Remote end closed connection without response,1
POST,/cin/create/129,500 Server Error: Internal Server Error for url: http://10.2.16.116:8004/cin/create/129,1
POST,/cin/create/364,409 Client Error: Conflict for url: http://10.2.16.116:8004/cin/create/364,1
POST,/cin/create/272,500 Server Error: Internal Server Error for url: http://10.2.16.116:8004/cin/create/272,1
POST,/cin/create/371,500 Server Error: Internal Server Error for url: http://10.2.16.116:8004/cin/create/371,3
POST,/cin/create/12,500 Server Error: Internal Server Error for url: http://10.2.16.116:8004/cin/create/12,3
POST,/cin/create/235,500 Server Error: Internal Server Error for url: http://10.2.16.116:8004/cin/create/235,3
POST,/cin/create/10,500 Server Error: Internal Server Error for url: http://10.2.16.116:8004/cin/create/10,1
POST,/cin/create/248,Remote end closed connection without response,1
POST,/cin/create/394,Remote end closed connection without response,1
POST,/cin/create/205,500 Server Error: Internal Server Error for url: http://10.2.16.116:8004/cin/create/205,2
POST,/cin/create/402,500 Server Error: Internal Server Error for url: http://10.2.16.116:8004/cin/create/402,4
POST,/cin/create/133,Remote end closed connection without response,2
POST,/cin/create/134,Remote end closed connection without response,2
POST,/cin/create/57,[Errno 104] Connection reset by peer,1
POST,/cin/create/27,Remote end closed connection without response,2
POST,/cin/create/440,500 Server Error: Internal Server Error for url: http://10.2.16.116:8004/cin/create/440,3
POST,/cin/create/39,500 Server Error: Internal Server Error for url: http://10.2.16.116:8004/cin/create/39,1
POST,/cin/create/197,500 Server Error: Internal Server Error for url: http://10.2.16.116:8004/cin/create/197,1
POST,/cin/create/81,500 Server Error: Internal Server Error for url: http://10.2.16.116:8004/cin/create/81,2
POST,/cin/create/275,Remote end closed connection without response,1
POST,/cin/create/99,409 Client Error: Conflict for url: http://10.2.16.116:8004/cin/create/99,1
POST,/cin/create/6,500 Server Error: Internal Server Error for url: http://10.2.16.116:8004/cin/create/6,3
POST,/cin/create/26,Remote end closed connection without response,1
POST,/cin/create/347,Remote end closed connection without response,1
POST,/cin/create/163,Remote end closed connection without response,1
POST,/cin/create/197,Remote end closed connection without response,2
POST,/cin/create/80,Remote end closed connection without response,1
POST,/cin/create/135,Remote end closed connection without response,1
POST,/cin/create/249,500 Server Error: Internal Server Error for url: http://10.2.16.116:8004/cin/create/249,1
POST,/cin/create/199,[Errno 104] Connection reset by peer,1
POST,/cin/create/297,500 Server Error: Internal Server Error for url: http://10.2.16.116:8004/cin/create/297,1
POST,/cin/create/342,409 Client Error: Conflict for url: http://10.2.16.116:8004/cin/create/342,1
POST,/cin/create/104,500 Server Error: Internal Server Error for url: http://10.2.16.116:8004/cin/create/104,3
POST,/cin/create/381,500 Server Error: Internal Server Error for url: http://10.2.16.116:8004/cin/create/381,2
POST,/cin/create/284,409 Client Error: Conflict for url: http://10.2.16.116:8004/cin/create/284,1
POST,/cin/create/243,Remote end closed connection without response,4
POST,/cin/create/22,Remote end closed connection without response,1
POST,/cin/create/19,500 Server Error: Internal Server Error for url: http://10.2.16.116:8004/cin/create/19,1
POST,/cin/create/264,500 Server Error: Internal Server Error for url: http://10.2.16.116:8004/cin/create/264,4
POST,/cin/create/327,409 Client Error: Conflict for url: http://10.2.16.116:8004/cin/create/327,1
POST,/cin/create/40,500 Server Error: Internal Server Error for url: http://10.2.16.116:8004/cin/create/40,3
POST,/cin/create/307,409 Client Error: Conflict for url: http://10.2.16.116:8004/cin/create/307,1
POST,/cin/create/201,Remote end closed connection without response,2
POST,/cin/create/291,500 Server Error: Internal Server Error for url: http://10.2.16.116:8004/cin/create/291,3
POST,/cin/create/71,500 Server Error: Internal Server Error for url: http://10.2.16.116:8004/cin/create/71,1
POST,/cin/create/233,Remote end closed connection without response,2
POST,/cin/create/339,409 Client Error: Conflict for url: http://10.2.16.116:8004/cin/create/339,1
POST,/cin/create/303,500 Server Error: Internal Server Error for url: http://10.2.16.116:8004/cin/create/303,3
POST,/cin/create/367,Remote end closed connection without response,1
POST,/cin/create/383,500 Server Error: Internal Server Error for url: http://10.2.16.116:8004/cin/create/383,2
POST,/cin/create/219,500 Server Error: Internal Server Error for url: http://10.2.16.116:8004/cin/create/219,1
POST,/cin/create/430,500 Server Error: Internal Server Error for url: http://10.2.16.116:8004/cin/create/430,1
POST,/cin/create/391,409 Client Error: Conflict for url: http://10.2.16.116:8004/cin/create/391,1
POST,/cin/create/235,409 Client Error: Conflict for url: http://10.2.16.116:8004/cin/create/235,1
POST,/cin/create/25,500 Server Error: Internal Server Error for url: http://10.2.16.116:8004/cin/create/25,5
POST,/cin/create/61,500 Server Error: Internal Server Error for url: http://10.2.16.116:8004/cin/create/61,2
POST,/cin/create/176,500 Server Error: Internal Server Error for url: http://10.2.16.116:8004/cin/create/176,3
POST,/cin/create/441,500 Server Error: Internal Server Error for url: http://10.2.16.116:8004/cin/create/441,2
POST,/cin/create/209,409 Client Error: Conflict for url: http://10.2.16.116:8004/cin/create/209,2
POST,/cin/create/46,Remote end closed connection without response,1
POST,/cin/create/80,500 Server Error: Internal Server Error for url: http://10.2.16.116:8004/cin/create/80,3
POST,/cin/create/138,Remote end closed connection without response,1
POST,/cin/create/35,500 Server Error: Internal Server Error for url: http://10.2.16.116:8004/cin/create/35,2
POST,/cin/create/162,Remote end closed connection without response,2
POST,/cin/create/284,Remote end closed connection without response,2
POST,/cin/create/142,Remote end closed connection without response,1
POST,/cin/create/277,Remote end closed connection without response,2
POST,/cin/create/177,500 Server Error: Internal Server Error for url: http://10.2.16.116:8004/cin/create/177,3
POST,/cin/create/74,500 Server Error: Internal Server Error for url: http://10.2.16.116:8004/cin/create/74,2
POST,/cin/create/322,Remote end closed connection without response,1
POST,/cin/create/55,500 Server Error: Internal Server Error for url: http://10.2.16.116:8004/cin/create/55,2
POST,/cin/create/298,500 Server Error: Internal Server Error for url: http://10.2.16.116:8004/cin/create/298,2
POST,/cin/create/43,409 Client Error: Conflict for url: http://10.2.16.116:8004/cin/create/43,1
POST,/cin/create/106,Remote end closed connection without response,1
POST,/cin/create/39,Remote end closed connection without response,2
POST,/cin/create/52,500 Server Error: Internal Server Error for url: http://10.2.16.116:8004/cin/create/52,2
POST,/cin/create/41,Remote end closed connection without response,1
POST,/cin/create/17,Remote end closed connection without response,2
POST,/cin/create/175,500 Server Error: Internal Server Error for url: http://10.2.16.116:8004/cin/create/175,3
POST,/cin/create/192,500 Server Error: Internal Server Error for url: http://10.2.16.116:8004/cin/create/192,2
POST,/cin/create/260,Remote end closed connection without response,3
POST,/cin/create/316,Remote end closed connection without response,1
POST,/cin/create/354,500 Server Error: Internal Server Error for url: http://10.2.16.116:8004/cin/create/354,2
POST,/cin/create/392,500 Server Error: Internal Server Error for url: http://10.2.16.116:8004/cin/create/392,3
POST,/cin/create/186,500 Server Error: Internal Server Error for url: http://10.2.16.116:8004/cin/create/186,2
POST,/cin/create/116,Remote end closed connection without response,1
POST,/cin/create/289,500 Server Error: Internal Server Error for url: http://10.2.16.116:8004/cin/create/289,1
POST,/cin/create/178,Remote end closed connection without response,3
POST,/cin/create/67,500 Server Error: Internal Server Error for url: http://10.2.16.116:8004/cin/create/67,2
POST,/cin/create/100,500 Server Error: Internal Server Error for url: http://10.2.16.116:8004/cin/create/100,5
POST,/cin/create/422,500 Server Error: Internal Server Error for url: http://10.2.16.116:8004/cin/create/422,3
POST,/cin/create/408,Remote end closed connection without response,2
POST,/cin/create/398,409 Client Error: Conflict for url: http://10.2.16.116:8004/cin/create/398,2
POST,/cin/create/133,500 Server Error: Internal Server Error for url: http://10.2.16.116:8004/cin/create/133,2
POST,/cin/create/367,500 Server Error: Internal Server Error for url: http://10.2.16.116:8004/cin/create/367,1
POST,/cin/create/77,Remote end closed connection without response,1
POST,/cin/create/22,500 Server Error: Internal Server Error for url: http://10.2.16.116:8004/cin/create/22,2
POST,/cin/create/366,Remote end closed connection without response,1
POST,/cin/create/238,Remote end closed connection without response,1
POST,/cin/create/360,500 Server Error: Internal Server Error for url: http://10.2.16.116:8004/cin/create/360,3
POST,/cin/create/130,Remote end closed connection without response,3
POST,/cin/create/284,500 Server Error: Internal Server Error for url: http://10.2.16.116:8004/cin/create/284,1
POST,/cin/create/232,500 Server Error: Internal Server Error for url: http://10.2.16.116:8004/cin/create/232,1
POST,/cin/create/122,Remote end closed connection without response,1
POST,/cin/create/314,Remote end closed connection without response,1
POST,/cin/create/171,Remote end closed connection without response,1
POST,/cin/create/415,500 Server Error: Internal Server Error for url: http://10.2.16.116:8004/cin/create/415,1
POST,/cin/create/308,500 Server Error: Internal Server Error for url: http://10.2.16.116:8004/cin/create/308,3
POST,/cin/create/52,409 Client Error: Conflict for url: http://10.2.16.116:8004/cin/create/52,1
POST,/cin/create/240,500 Server Error: Internal Server Error for url: http://10.2.16.116:8004/cin/create/240,1
POST,/cin/create/150,500 Server Error: Internal Server Error for url: http://10.2.16.116:8004/cin/create/150,1
POST,/cin/create/328,409 Client Error: Conflict for url: http://10.2.16.116:8004/cin/create/328,1
POST,/cin/create/322,500 Server Error: Internal Server Error for url: http://10.2.16.116:8004/cin/create/322,2
POST,/cin/create/182,500 Server Error: Internal Server Error for url: http://10.2.16.116:8004/cin/create/182,2
POST,/cin/create/180,500 Server Error: Internal Server Error for url: http://10.2.16.116:8004/cin/create/180,1
POST,/cin/create/431,Remote end closed connection without response,1
POST,/cin/create/50,500 Server Error: Internal Server Error for url: http://10.2.16.116:8004/cin/create/50,1
POST,/cin/create/239,500 Server Error: Internal Server Error for url: http://10.2.16.116:8004/cin/create/239,1
POST,/cin/create/216,500 Server Error: Internal Server Error for url: http://10.2.16.116:8004/cin/create/216,1
POST,/cin/create/370,500 Server Error: Internal Server Error for url: http://10.2.16.116:8004/cin/create/370,1
POST,/cin/create/167,[Errno 104] Connection reset by peer,1
POST,/cin/create/161,500 Server Error: Internal Server Error for url: http://10.2.16.116:8004/cin/create/161,1
POST,/cin/create/372,Remote end closed connection without response,1
POST,/cin/create/407,Remote end closed connection without response,1
POST,/cin/create/68,500 Server Error: Internal Server Error for url: http://10.2.16.116:8004/cin/create/68,1
POST,/cin/create/359,500 Server Error: Internal Server Error for url: http://10.2.16.116:8004/cin/create/359,1
POST,/cin/create/40,Remote end closed connection without response,1
POST,/cin/create/293,Remote end closed connection without response,2
POST,/cin/create/70,500 Server Error: Internal Server Error for url: http://10.2.16.116:8004/cin/create/70,1
POST,/cin/create/130,500 Server Error: Internal Server Error for url: http://10.2.16.116:8004/cin/create/130,2
POST,/cin/create/280,Remote end closed connection without response,1
POST,/cin/create/242,500 Server Error: Internal Server Error for url: http://10.2.16.116:8004/cin/create/242,4
POST,/cin/create/174,500 Server Error: Internal Server Error for url: http://10.2.16.116:8004/cin/create/174,1
POST,/cin/create/269,Remote end closed connection without response,2
POST,/cin/create/259,Remote end closed connection without response,1
POST,/cin/create/68,Remote end closed connection without response,2
POST,/cin/create/321,500 Server Error: Internal Server Error for url: http://10.2.16.116:8004/cin/create/321,2
POST,/cin/create/395,Remote end closed connection without response,1
POST,/cin/create/214,Remote end closed connection without response,1
POST,/cin/create/213,Remote end closed connection without response,1
POST,/cin/create/394,500 Server Error: Internal Server Error for url: http://10.2.16.116:8004/cin/create/394,2
POST,/cin/create/254,500 Server Error: Internal Server Error for url: http://10.2.16.116:8004/cin/create/254,3
POST,/cin/create/331,500 Server Error: Internal Server Error for url: http://10.2.16.116:8004/cin/create/331,1
POST,/cin/create/181,500 Server Error: Internal Server Error for url: http://10.2.16.116:8004/cin/create/181,2
POST,/cin/create/188,500 Server Error: Internal Server Error for url: http://10.2.16.116:8004/cin/create/188,1
POST,/cin/create/218,Remote end closed connection without response,1
POST,/cin/create/93,Remote end closed connection without response,1
POST,/cin/create/220,Remote end closed connection without response,1
POST,/cin/create/405,Remote end closed connection without response,1
POST,/cin/create/148,500 Server Error: Internal Server Error for url: http://10.2.16.116:8004/cin/create/148,2
POST,/cin/create/137,500 Server Error: Internal Server Error for url: http://10.2.16.116:8004/cin/create/137,3
POST,/cin/create/236,500 Server Error: Internal Server Error for url: http://10.2.16.116:8004/cin/create/236,1
POST,/cin/create/240,Remote end closed connection without response,2
POST,/cin/create/403,Remote end closed connection without response,1
POST,/cin/create/186,Remote end closed connection without response,1
POST,/cin/create/217,500 Server Error: Internal Server Error for url: http://10.2.16.116:8004/cin/create/217,1
POST,/cin/create/334,Remote end closed connection without response,1
POST,/cin/create/252,409 Client Error: Conflict for url: http://10.2.16.116:8004/cin/create/252,1
POST,/cin/create/117,Remote end closed connection without response,1
POST,/cin/create/122,500 Server Error: Internal Server Error for url: http://10.2.16.116:8004/cin/create/122,1
POST,/cin/create/356,Remote end closed connection without response,1
POST,/cin/create/85,500 Server Error: Internal Server Error for url: http://10.2.16.116:8004/cin/create/85,2
POST,/cin/create/364,Remote end closed connection without response,2
POST,/cin/create/431,500 Server Error: Internal Server Error for url: http://10.2.16.116:8004/cin/create/431,2
POST,/cin/create/196,500 Server Error: Internal Server Error for url: http://10.2.16.116:8004/cin/create/196,2
POST,/cin/create/434,Remote end closed connection without response,2
POST,/cin/create/134,409 Client Error: Conflict for url: http://10.2.16.116:8004/cin/create/134,1
POST,/cin/create/265,500 Server Error: Internal Server Error for url: http://10.2.16.116:8004/cin/create/265,1
POST,/cin/create/179,500 Server Error: Internal Server Error for url: http://10.2.16.116:8004/cin/create/179,2
POST,/cin/create/127,500 Server Error: Internal Server Error for url: http://10.2.16.116:8004/cin/create/127,2
POST,/cin/create/443,500 Server Error: Internal Server Error for url: http://10.2.16.116:8004/cin/create/443,3
POST,/cin/create/73,500 Server Error: Internal Server Error for url: http://10.2.16.116:8004/cin/create/73,1
POST,/cin/create/245,[Errno 104] Connection reset by peer,1
POST,/cin/create/386,Remote end closed connection without response,1
POST,/cin/create/250,Remote end closed connection without response,1
POST,/cin/create/149,500 Server Error: Internal Server Error for url: http://10.2.16.116:8004/cin/create/149,3
POST,/cin/create/32,500 Server Error: Internal Server Error for url: http://10.2.16.116:8004/cin/create/32,4
POST,/cin/create/344,500 Server Error: Internal Server Error for url: http://10.2.16.116:8004/cin/create/344,2
POST,/cin/create/371,Remote end closed connection without response,1
POST,/cin/create/348,Remote end closed connection without response,2
POST,/cin/create/270,Remote end closed connection without response,1
POST,/cin/create/114,Remote end closed connection without response,1
POST,/cin/create/371,409 Client Error: Conflict for url: http://10.2.16.116:8004/cin/create/371,1
POST,/cin/create/428,Remote end closed connection without response,1
POST,/cin/create/288,409 Client Error: Conflict for url: http://10.2.16.116:8004/cin/create/288,1
POST,/cin/create/78,Remote end closed connection without response,1
POST,/cin/create/189,500 Server Error: Internal Server Error for url: http://10.2.16.116:8004/cin/create/189,2
POST,/cin/create/45,Remote end closed connection without response,1
POST,/cin/create/99,500 Server Error: Internal Server Error for url: http://10.2.16.116:8004/cin/create/99,1
POST,/cin/create/233,500 Server Error: Internal Server Error for url: http://10.2.16.116:8004/cin/create/233,1
POST,/cin/create/109,500 Server Error: Internal Server Error for url: http://10.2.16.116:8004/cin/create/109,1
POST,/cin/create/173,500 Server Error: Internal Server Error for url: http://10.2.16.116:8004/cin/create/173,2
POST,/cin/create/219,Remote end closed connection without response,1
POST,/cin/create/117,500 Server Error: Internal Server Error for url: http://10.2.16.116:8004/cin/create/117,1
POST,/cin/create/190,Remote end closed connection without response,2
POST,/cin/create/102,Remote end closed connection without response,1
POST,/cin/create/392,Remote end closed connection without response,1
POST,/cin/create/449,409 Client Error: Conflict for url: http://10.2.16.116:8004/cin/create/449,1
POST,/cin/create/414,500 Server Error: Internal Server Error for url: http://10.2.16.116:8004/cin/create/414,3
POST,/cin/create/318,Remote end closed connection without response,1
POST,/cin/create/24,Remote end closed connection without response,2
POST,/cin/create/143,500 Server Error: Internal Server Error for url: http://10.2.16.116:8004/cin/create/143,3
POST,/cin/create/429,Remote end closed connection without response,2
POST,/cin/create/178,500 Server Error: Internal Server Error for url: http://10.2.16.116:8004/cin/create/178,4
POST,/cin/create/241,500 Server Error: Internal Server Error for url: http://10.2.16.116:8004/cin/create/241,3
POST,/cin/create/153,500 Server Error: Internal Server Error for url: http://10.2.16.116:8004/cin/create/153,3
POST,/cin/create/244,500 Server Error: Internal Server Error for url: http://10.2.16.116:8004/cin/create/244,1
POST,/cin/create/156,500 Server Error: Internal Server Error for url: http://10.2.16.116:8004/cin/create/156,5
POST,/cin/create/419,500 Server Error: Internal Server Error for url: http://10.2.16.116:8004/cin/create/419,3
POST,/cin/create/164,500 Server Error: Internal Server Error for url: http://10.2.16.116:8004/cin/create/164,2
POST,/cin/create/226,500 Server Error: Internal Server Error for url: http://10.2.16.116:8004/cin/create/226,3
POST,/cin/create/93,500 Server Error: Internal Server Error for url: http://10.2.16.116:8004/cin/create/93,1
POST,/cin/create/102,409 Client Error: Conflict for url: http://10.2.16.116:8004/cin/create/102,1
POST,/cin/create/406,500 Server Error: Internal Server Error for url: http://10.2.16.116:8004/cin/create/406,1
POST,/cin/create/140,409 Client Error: Conflict for url: http://10.2.16.116:8004/cin/create/140,2
POST,/cin/create/72,500 Server Error: Internal Server Error for url: http://10.2.16.116:8004/cin/create/72,2
POST,/cin/create/92,500 Server Error: Internal Server Error for url: http://10.2.16.116:8004/cin/create/92,1
POST,/cin/create/382,500 Server Error: Internal Server Error for url: http://10.2.16.116:8004/cin/create/382,3
POST,/cin/create/400,500 Server Error: Internal Server Error for url: http://10.2.16.116:8004/cin/create/400,1
POST,/cin/create/16,500 Server Error: Internal Server Error for url: http://10.2.16.116:8004/cin/create/16,1
POST,/cin/create/63,Remote end closed connection without response,1
POST,/cin/create/60,500 Server Error: Internal Server Error for url: http://10.2.16.116:8004/cin/create/60,2
POST,/cin/create/270,500 Server Error: Internal Server Error for url: http://10.2.16.116:8004/cin/create/270,1
POST,/cin/create/252,500 Server Error: Internal Server Error for url: http://10.2.16.116:8004/cin/create/252,1
POST,/cin/create/84,500 Server Error: Internal Server Error for url: http://10.2.16.116:8004/cin/create/84,2
POST,/cin/create/79,500 Server Error: Internal Server Error for url: http://10.2.16.116:8004/cin/create/79,2
POST,/cin/create/160,Remote end closed connection without response,2
POST,/cin/create/192,Remote end closed connection without response,2
POST,/cin/create/208,500 Server Error: Internal Server Error for url: http://10.2.16.116:8004/cin/create/208,4
POST,/cin/create/138,409 Client Error: Conflict for url: http://10.2.16.116:8004/cin/create/138,1
POST,/cin/create/291,409 Client Error: Conflict for url: http://10.2.16.116:8004/cin/create/291,1
POST,/cin/create/360,Remote end closed connection without response,1
POST,/cin/create/358,500 Server Error: Internal Server Error for url: http://10.2.16.116:8004/cin/create/358,4
POST,/cin/create/215,Remote end closed connection without response,1
POST,/cin/create/345,500 Server Error: Internal Server Error for url: http://10.2.16.116:8004/cin/create/345,1
POST,/cin/create/37,500 Server Error: Internal Server Error for url: http://10.2.16.116:8004/cin/create/37,1
POST,/cin/create/251,500 Server Error: Internal Server Error for url: http://10.2.16.116:8004/cin/create/251,1
POST,/cin/create/11,500 Server Error: Internal Server Error for url: http://10.2.16.116:8004/cin/create/11,3
POST,/cin/create/94,409 Client Error: Conflict for url: http://10.2.16.116:8004/cin/create/94,2
POST,/cin/create/299,Remote end closed connection without response,2
POST,/cin/create/384,Remote end closed connection without response,3
POST,/cin/create/118,500 Server Error: Internal Server Error for url: http://10.2.16.116:8004/cin/create/118,4
POST,/cin/create/30,Remote end closed connection without response,2
POST,/cin/create/377,500 Server Error: Internal Server Error for url: http://10.2.16.116:8004/cin/create/377,2
POST,/cin/create/57,500 Server Error: Internal Server Error for url: http://10.2.16.116:8004/cin/create/57,2
POST,/cin/create/42,Remote end closed connection without response,2
POST,/cin/create/227,500 Server Error: Internal Server Error for url: http://10.2.16.116:8004/cin/create/227,2
POST,/cin/create/385,Remote end closed connection without response,1
POST,/cin/create/388,Remote end closed connection without response,1
POST,/cin/create/161,409 Client Error: Conflict for url: http://10.2.16.116:8004/cin/create/161,1
POST,/cin/create/374,500 Server Error: Internal Server Error for url: http://10.2.16.116:8004/cin/create/374,2
POST,/cin/create/307,500 Server Error: Internal Server Error for url: http://10.2.16.116:8004/cin/create/307,2
POST,/cin/create/62,500 Server Error: Internal Server Error for url: http://10.2.16.116:8004/cin/create/62,1
POST,/cin/create/245,409 Client Error: Conflict for url: http://10.2.16.116:8004/cin/create/245,1
POST,/cin/create/53,Remote end closed connection without response,1
POST,/cin/create/325,Remote end closed connection without response,3
POST,/cin/create/146,500 Server Error: Internal Server Error for url: http://10.2.16.116:8004/cin/create/146,1
POST,/cin/create/400,Remote end closed connection without response,2
POST,/cin/create/211,Remote end closed connection without response,1
POST,/cin/create/7,Remote end closed connection without response,3
POST,/cin/create/120,Remote end closed connection without response,1
POST,/cin/create/156,Remote end closed connection without response,2
POST,/cin/create/343,500 Server Error: Internal Server Error for url: http://10.2.16.116:8004/cin/create/343,3
POST,/cin/create/113,500 Server Error: Internal Server Error for url: http://10.2.16.116:8004/cin/create/113,2
POST,/cin/create/155,500 Server Error: Internal Server Error for url: http://10.2.16.116:8004/cin/create/155,1
POST,/cin/create/14,Remote end closed connection without response,1
POST,/cin/create/86,500 Server Error: Internal Server Error for url: http://10.2.16.116:8004/cin/create/86,2
POST,/cin/create/78,500 Server Error: Internal Server Error for url: http://10.2.16.116:8004/cin/create/78,3
POST,/cin/create/209,Remote end closed connection without response,2
POST,/cin/create/285,Remote end closed connection without response,2
POST,/cin/create/84,409 Client Error: Conflict for url: http://10.2.16.116:8004/cin/create/84,1
POST,/cin/create/170,Remote end closed connection without response,1
POST,/cin/create/155,Remote end closed connection without response,1
POST,/cin/create/172,Remote end closed connection without response,1
POST,/cin/create/93,409 Client Error: Conflict for url: http://10.2.16.116:8004/cin/create/93,1
POST,/cin/create/167,500 Server Error: Internal Server Error for url: http://10.2.16.116:8004/cin/create/167,3
POST,/cin/create/235,Remote end closed connection without response,1
POST,/cin/create/225,500 Server Error: Internal Server Error for url: http://10.2.16.116:8004/cin/create/225,1
POST,/cin/create/19,Remote end closed connection without response,2
POST,/cin/create/446,500 Server Error: Internal Server Error for url: http://10.2.16.116:8004/cin/create/446,4
POST,/cin/create/308,Remote end closed connection without response,2
POST,/cin/create/190,500 Server Error: Internal Server Error for url: http://10.2.16.116:8004/cin/create/190,1
POST,/cin/create/423,Remote end closed connection without response,1
POST,/cin/create/276,500 Server Error: Internal Server Error for url: http://10.2.16.116:8004/cin/create/276,3
POST,/cin/create/30,500 Server Error: Internal Server Error for url: http://10.2.16.116:8004/cin/create/30,1
POST,/cin/create/119,500 Server Error: Internal Server Error for url: http://10.2.16.116:8004/cin/create/119,1
POST,/cin/create/75,500 Server Error: Internal Server Error for url: http://10.2.16.116:8004/cin/create/75,1
POST,/cin/create/279,Remote end closed connection without response,1
POST,/cin/create/230,500 Server Error: Internal Server Error for url: http://10.2.16.116:8004/cin/create/230,4
POST,/cin/create/59,500 Server Error: Internal Server Error for url: http://10.2.16.116:8004/cin/create/59,1
POST,/cin/create/265,[Errno 104] Connection reset by peer,1
POST,/cin/create/157,Remote end closed connection without response,1
POST,/cin/create/170,500 Server Error: Internal Server Error for url: http://10.2.16.116:8004/cin/create/170,4
POST,/cin/create/415,Remote end closed connection without response,1
POST,/cin/create/364,500 Server Error: Internal Server Error for url: http://10.2.16.116:8004/cin/create/364,3
POST,/cin/create/59,Remote end closed connection without response,1
POST,/cin/create/382,Remote end closed connection without response,1
POST,/cin/create/423,500 Server Error: Internal Server Error for url: http://10.2.16.116:8004/cin/create/423,2
POST,/cin/create/349,500 Server Error: Internal Server Error for url: http://10.2.16.116:8004/cin/create/349,1
POST,/cin/create/432,Remote end closed connection without response,1
POST,/cin/create/311,500 Server Error: Internal Server Error for url: http://10.2.16.116:8004/cin/create/311,2
POST,/cin/create/220,500 Server Error: Internal Server Error for url: http://10.2.16.116:8004/cin/create/220,5
POST,/cin/create/98,500 Server Error: Internal Server Error for url: http://10.2.16.116:8004/cin/create/98,3
POST,/cin/create/147,500 Server Error: Internal Server Error for url: http://10.2.16.116:8004/cin/create/147,3
POST,/cin/create/378,500 Server Error: Internal Server Error for url: http://10.2.16.116:8004/cin/create/378,1
POST,/cin/create/35,Remote end closed connection without response,2
POST,/cin/create/73,Remote end closed connection without response,1
POST,/cin/create/244,409 Client Error: Conflict for url: http://10.2.16.116:8004/cin/create/244,1
POST,/cin/create/353,500 Server Error: Internal Server Error for url: http://10.2.16.116:8004/cin/create/353,1
POST,/cin/create/356,500 Server Error: Internal Server Error for url: http://10.2.16.116:8004/cin/create/356,1
POST,/cin/create/38,500 Server Error: Internal Server Error for url: http://10.2.16.116:8004/cin/create/38,2
POST,/cin/create/120,500 Server Error: Internal Server Error for url: http://10.2.16.116:8004/cin/create/120,1
POST,/cin/create/97,Remote end closed connection without response,1
POST,/cin/create/336,500 Server Error: Internal Server Error for url: http://10.2.16.116:8004/cin/create/336,1
POST,/cin/create/261,Remote end closed connection without response,1
POST,/cin/create/258,500 Server Error: Internal Server Error for url: http://10.2.16.116:8004/cin/create/258,2
POST,/cin/create/124,500 Server Error: Internal Server Error for url: http://10.2.16.116:8004/cin/create/124,3
POST,/cin/create/290,500 Server Error: Internal Server Error for url: http://10.2.16.116:8004/cin/create/290,2
POST,/cin/create/395,500 Server Error: Internal Server Error for url: http://10.2.16.116:8004/cin/create/395,3
POST,/cin/create/419,409 Client Error: Conflict for url: http://10.2.16.116:8004/cin/create/419,1
POST,/cin/create/11,Remote end closed connection without response,2
POST,/cin/create/105,Remote end closed connection without response,1
POST,/cin/create/152,Remote end closed connection without response,1
POST,/cin/create/152,500 Server Error: Internal Server Error for url: http://10.2.16.116:8004/cin/create/152,2
POST,/cin/create/426,Remote end closed connection without response,2
POST,/cin/create/295,500 Server Error: Internal Server Error for url: http://10.2.16.116:8004/cin/create/295,3
POST,/cin/create/412,500 Server Error: Internal Server Error for url: http://10.2.16.116:8004/cin/create/412,1
POST,/cin/create/229,Remote end closed connection without response,1
POST,/cin/create/175,Remote end closed connection without response,2
POST,/cin/create/428,500 Server Error: Internal Server Error for url: http://10.2.16.116:8004/cin/create/428,3
POST,/cin/create/341,Remote end closed connection without response,1
POST,/cin/create/444,500 Server Error: Internal Server Error for url: http://10.2.16.116:8004/cin/create/444,4
POST,/cin/create/202,500 Server Error: Internal Server Error for url: http://10.2.16.116:8004/cin/create/202,2
POST,/cin/create/193,500 Server Error: Internal Server Error for url: http://10.2.16.116:8004/cin/create/193,2
POST,/cin/create/276,Remote end closed connection without response,1
POST,/cin/create/200,500 Server Error: Internal Server Error for url: http://10.2.16.116:8004/cin/create/200,2
POST,/cin/create/41,409 Client Error: Conflict for url: http://10.2.16.116:8004/cin/create/41,1
POST,/cin/create/125,500 Server Error: Internal Server Error for url: http://10.2.16.116:8004/cin/create/125,1
POST,/cin/create/207,Remote end closed connection without response,3
POST,/cin/create/320,500 Server Error: Internal Server Error for url: http://10.2.16.116:8004/cin/create/320,1
POST,/cin/create/58,500 Server Error: Internal Server Error for url: http://10.2.16.116:8004/cin/create/58,1
POST,/cin/create/7,500 Server Error: Internal Server Error for url: http://10.2.16.116:8004/cin/create/7,2
POST,/cin/create/159,500 Server Error: Internal Server Error for url: http://10.2.16.116:8004/cin/create/159,1
POST,/cin/create/351,500 Server Error: Internal Server Error for url: http://10.2.16.116:8004/cin/create/351,1
POST,/cin/create/427,Remote end closed connection without response,1
POST,/cin/create/271,Remote end closed connection without response,1
POST,/cin/create/221,500 Server Error: Internal Server Error for url: http://10.2.16.116:8004/cin/create/221,1
POST,/cin/create/134,500 Server Error: Internal Server Error for url: http://10.2.16.116:8004/cin/create/134,1
POST,/cin/create/378,Remote end closed connection without response,1
POST,/cin/create/129,Remote end closed connection without response,2
POST,/cin/create/58,Remote end closed connection without response,3
POST,/cin/create/23,500 Server Error: Internal Server Error for url: http://10.2.16.116:8004/cin/create/23,3
POST,/cin/create/144,Remote end closed connection without response,1
POST,/cin/create/286,500 Server Error: Internal Server Error for url: http://10.2.16.116:8004/cin/create/286,2
POST,/cin/create/64,500 Server Error: Internal Server Error for url: http://10.2.16.116:8004/cin/create/64,6
POST,/cin/create/247,Remote end closed connection without response,1
POST,/cin/create/28,500 Server Error: Internal Server Error for url: http://10.2.16.116:8004/cin/create/28,2
POST,/cin/create/266,Remote end closed connection without response,1
POST,/cin/create/1,Remote end closed connection without response,1
POST,/cin/create/447,500 Server Error: Internal Server Error for url: http://10.2.16.116:8004/cin/create/447,2
POST,/cin/create/362,500 Server Error: Internal Server Error for url: http://10.2.16.116:8004/cin/create/362,2
POST,/cin/create/62,Remote end closed connection without response,2
POST,/cin/create/72,Remote end closed connection without response,2
POST,/cin/create/51,500 Server Error: Internal Server Error for url: http://10.2.16.116:8004/cin/create/51,1
POST,/cin/create/199,500 Server Error: Internal Server Error for url: http://10.2.16.116:8004/cin/create/199,1
POST,/cin/create/4,409 Client Error: Conflict for url: http://10.2.16.116:8004/cin/create/4,1
POST,/cin/create/136,[Errno 104] Connection reset by peer,1
POST,/cin/create/218,500 Server Error: Internal Server Error for url: http://10.2.16.116:8004/cin/create/218,2
POST,/cin/create/172,500 Server Error: Internal Server Error for url: http://10.2.16.116:8004/cin/create/172,1
POST,/cin/create/229,500 Server Error: Internal Server Error for url: http://10.2.16.116:8004/cin/create/229,1
POST,/cin/create/434,500 Server Error: Internal Server Error for url: http://10.2.16.116:8004/cin/create/434,1
POST,/cin/create/6,409 Client Error: Conflict for url: http://10.2.16.116:8004/cin/create/6,1
POST,/cin/create/1,500 Server Error: Internal Server Error for url: http://10.2.16.116:8004/cin/create/1,1
POST,/cin/create/393,500 Server Error: Internal Server Error for url: http://10.2.16.116:8004/cin/create/393,4
POST,/cin/create/105,500 Server Error: Internal Server Error for url: http://10.2.16.116:8004/cin/create/105,2
POST,/cin/create/337,500 Server Error: Internal Server Error for url: http://10.2.16.116:8004/cin/create/337,3
POST,/cin/create/341,500 Server Error: Internal Server Error for url: http://10.2.16.116:8004/cin/create/341,3
POST,/cin/create/346,500 Server Error: Internal Server Error for url: http://10.2.16.116:8004/cin/create/346,2
POST,/cin/create/154,500 Server Error: Internal Server Error for url: http://10.2.16.116:8004/cin/create/154,1
POST,/cin/create/424,500 Server Error: Internal Server Error for url: http://10.2.16.116:8004/cin/create/424,6
POST,/cin/create/47,500 Server Error: Internal Server Error for url: http://10.2.16.116:8004/cin/create/47,2
POST,/cin/create/280,500 Server Error: Internal Server Error for url: http://10.2.16.116:8004/cin/create/280,1
POST,/cin/create/271,500 Server Error: Internal Server Error for url: http://10.2.16.116:8004/cin/create/271,1
POST,/cin/create/181,Remote end closed connection without response,2
POST,/cin/create/65,500 Server Error: Internal Server Error for url: http://10.2.16.116:8004/cin/create/65,2
POST,/cin/create/339,Remote end closed connection without response,2
POST,/cin/create/331,Remote end closed connection without response,1
POST,/cin/create/53,500 Server Error: Internal Server Error for url: http://10.2.16.116:8004/cin/create/53,2
POST,/cin/create/384,500 Server Error: Internal Server Error for url: http://10.2.16.116:8004/cin/create/384,1
POST,/cin/create/135,409 Client Error: Conflict for url: http://10.2.16.116:8004/cin/create/135,1
POST,/cin/create/179,409 Client Error: Conflict for url: http://10.2.16.116:8004/cin/create/179,1
POST,/cin/create/24,500 Server Error: Internal Server Error for url: http://10.2.16.116:8004/cin/create/24,1
POST,/cin/create/88,500 Server Error: Internal Server Error for url: http://10.2.16.116:8004/cin/create/88,1
POST,/cin/create/355,500 Server Error: Internal Server Error for url: http://10.2.16.116:8004/cin/create/355,1
POST,/cin/create/164,Remote end closed connection without response,1
POST,/cin/create/165,409 Client Error: Conflict for url: http://10.2.16.116:8004/cin/create/165,1
POST,/cin/create/110,500 Server Error: Internal Server Error for url: http://10.2.16.116:8004/cin/create/110,2
POST,/cin/create/46,500 Server Error: Internal Server Error for url: http://10.2.16.116:8004/cin/create/46,2
POST,/cin/create/228,Remote end closed connection without response,1
POST,/cin/create/396,Remote end closed connection without response,1
POST,/cin/create/20,500 Server Error: Internal Server Error for url: http://10.2.16.116:8004/cin/create/20,1
POST,/cin/create/439,500 Server Error: Internal Server Error for url: http://10.2.16.116:8004/cin/create/439,2
POST,/cin/create/301,Remote end closed connection without response,3
POST,/cin/create/296,500 Server Error: Internal Server Error for url: http://10.2.16.116:8004/cin/create/296,3
POST,/cin/create/404,500 Server Error: Internal Server Error for url: http://10.2.16.116:8004/cin/create/404,1
POST,/cin/create/386,[Errno 104] Connection reset by peer,1
POST,/cin/create/94,500 Server Error: Internal Server Error for url: http://10.2.16.116:8004/cin/create/94,2
POST,/cin/create/223,500 Server Error: Internal Server Error for url: http://10.2.16.116:8004/cin/create/223,2
POST,/cin/create/28,Remote end closed connection without response,2
POST,/cin/create/373,Remote end closed connection without response,1
POST,/cin/create/37,Remote end closed connection without response,1
POST,/cin/create/410,409 Client Error: Conflict for url: http://10.2.16.116:8004/cin/create/410,1
POST,/cin/create/411,500 Server Error: Internal Server Error for url: http://10.2.16.116:8004/cin/create/411,2
POST,/cin/create/89,Remote end closed connection without response,1
POST,/cin/create/204,500 Server Error: Internal Server Error for url: http://10.2.16.116:8004/cin/create/204,3
POST,/cin/create/60,Remote end closed connection without response,1
POST,/cin/create/21,[Errno 104] Connection reset by peer,1
POST,/cin/create/418,Remote end closed connection without response,2
POST,/cin/create/163,500 Server Error: Internal Server Error for url: http://10.2.16.116:8004/cin/create/163,2
POST,/cin/create/327,Remote end closed connection without response,1
POST,/cin/create/346,Remote end closed connection without response,3
POST,/cin/create/177,[Errno 104] Connection reset by peer,1
POST,/cin/create/42,500 Server Error: Internal Server Error for url: http://10.2.16.116:8004/cin/create/42,1
POST,/cin/create/124,Remote end closed connection without response,1
POST,/cin/create/282,409 Client Error: Conflict for url: http://10.2.16.116:8004/cin/create/282,1
POST,/cin/create/215,500 Server Error: Internal Server Error for url: http://10.2.16.116:8004/cin/create/215,2
POST,/cin/create/401,500 Server Error: Internal Server Error for url: http://10.2.16.116:8004/cin/create/401,2
POST,/cin/create/427,500 Server Error: Internal Server Error for url: http://10.2.16.116:8004/cin/create/427,1
POST,/cin/create/399,500 Server Error: Internal Server Error for url: http://10.2.16.116:8004/cin/create/399,3
POST,/cin/create/202,Remote end closed connection without response,1
POST,/cin/create/242,409 Client Error: Conflict for url: http://10.2.16.116:8004/cin/create/242,1
POST,/cin/create/238,500 Server Error: Internal Server Error for url: http://10.2.16.116:8004/cin/create/238,1
POST,/cin/create/139,500 Server Error: Internal Server Error for url: http://10.2.16.116:8004/cin/create/139,2
POST,/cin/create/355,Remote end closed connection without response,1
POST,/cin/create/79,409 Client Error: Conflict for url: http://10.2.16.116:8004/cin/create/79,1
POST,/cin/create/408,500 Server Error: Internal Server Error for url: http://10.2.16.116:8004/cin/create/408,2
POST,/cin/create/259,500 Server Error: Internal Server Error for url: http://10.2.16.116:8004/cin/create/259,1
POST,/cin/create/208,Remote end closed connection without response,1
POST,/cin/create/248,409 Client Error: Conflict for url: http://10.2.16.116:8004/cin/create/248,1
POST,/cin/create/277,500 Server Error: Internal Server Error for url: http://10.2.16.116:8004/cin/create/277,3
POST,/cin/create/368,500 Server Error: Internal Server Error for url: http://10.2.16.116:8004/cin/create/368,2
POST,/cin/create/48,500 Server Error: Internal Server Error for url: http://10.2.16.116:8004/cin/create/48,1
POST,/cin/create/391,500 Server Error: Internal Server Error for url: http://10.2.16.116:8004/cin/create/391,1
POST,/cin/create/111,500 Server Error: Internal Server Error for url: http://10.2.16.116:8004/cin/create/111,4
POST,/cin/create/385,500 Server Error: Internal Server Error for url: http://10.2.16.116:8004/cin/create/385,1
POST,/cin/create/103,500 Server Error: Internal Server Error for url: http://10.2.16.116:8004/cin/create/103,2
POST,/cin/create/424,Remote end closed connection without response,1
POST,/cin/create/262,500 Server Error: Internal Server Error for url: http://10.2.16.116:8004/cin/create/262,3
POST,/cin/create/31,500 Server Error: Internal Server Error for url: http://10.2.16.116:8004/cin/create/31,2
POST,/cin/create/150,Remote end closed connection without response,1
POST,/cin/create/128,409 Client Error: Conflict for url: http://10.2.16.116:8004/cin/create/128,1
POST,/cin/create/243,500 Server Error: Internal Server Error for url: http://10.2.16.116:8004/cin/create/243,2
POST,/cin/create/107,409 Client Error: Conflict for url: http://10.2.16.116:8004/cin/create/107,1
POST,/cin/create/345,409 Client Error: Conflict for url: http://10.2.16.116:8004/cin/create/345,1
POST,/cin/create/16,Remote end closed connection without response,1
POST,/cin/create/213,409 Client Error: Conflict for url: http://10.2.16.116:8004/cin/create/213,1
POST,/cin/create/433,500 Server Error: Internal Server Error for url: http://10.2.16.116:8004/cin/create/433,1
POST,/cin/create/317,Remote end closed connection without response,1
POST,/cin/create/445,500 Server Error: Internal Server Error for url: http://10.2.16.116:8004/cin/create/445,4
POST,/cin/create/69,Remote end closed connection without response,2
POST,/cin/create/438,500 Server Error: Internal Server Error for url: http://10.2.16.116:8004/cin/create/438,4
POST,/cin/create/426,500 Server Error: Internal Server Error for url: http://10.2.16.116:8004/cin/create/426,2
POST,/cin/create/292,500 Server Error: Internal Server Error for url: http://10.2.16.116:8004/cin/create/292,1
POST,/cin/create/8,500 Server Error: Internal Server Error for url: http://10.2.16.116:8004/cin/create/8,5
POST,/cin/create/398,Remote end closed connection without response,1
POST,/cin/create/247,500 Server Error: Internal Server Error for url: http://10.2.16.116:8004/cin/create/247,3
POST,/cin/create/21,500 Server Error: Internal Server Error for url: http://10.2.16.116:8004/cin/create/21,2
